{
  "version": "2025.0",
  "baseCosts": {
    "R": {
      "1": 110.0,
      "2": 130.0
    },
    "C": {
      "1": 95.0,
      "2": 120.0
    }
  },
  "localityAdjustments": {
    "WA-Benton": 1.08,
    "WA-King": 1.42
  },
  "depreciationCurves": {
    "R": [
      [
        0,
        0
      ],
      [
        50,
        0.3
      ],
      [
        100,
        1.0
      ]
    ],
    "C": [
      [
        0,
        0
      ],
      [
        40,
        0.4
      ],
      [
        80,
        1.0
      ]
    ]
  }
}